{
  "name": "ReactESP",
  "keywords": "ReactESP, Reactduino, async",
  "description": "Asynchronous programming library for the Arduino Framework",
  "repository":
  {
    "type": "git",
    "url": "https://github.com/mairas/ReactESP.git"
  },
  "authors":
  [
    {
      "name": "Matti Airas",
      "email": "mairas@iki.fi",
      "url": "https://github.com/mairas/",
      "maintainer": true
    },
    {
      "name": "Andrew Carter",
      "email": "andrewcarter1992@gmail.com",
      "url": "https://andrew.carterlunn.co.uk/",
      "maintainer": false
    }
  ],
  "dependencies": [],
  "version": "0.2.0",
  "frameworks": "arduino",
  "platforms": "*"
}
